experiment_id,timestamp,model,features,preprocessing,hyperparameters,seed,validation_strategy,train_rmse,validation_rmse,train_mae,validation_mae,validation_rmse_std,fit_seconds,notes
exp_0001,2026-09-16T04:49:57+00:00,mean|ordinal,"[""model_decomp"",""cpu_decomp"",""structural_zeros"",""resolution""]",ordinal,{},42,"KFold(5,seed=42)",578.0703,578.063,458.2487,458.2549,5.5594,5.12,"exp01 baseline sweep, base feature families"
exp_0002,2026-09-16T04:50:02+00:00,median|ordinal,"[""model_decomp"",""cpu_decomp"",""structural_zeros"",""resolution""]",ordinal,{},42,"KFold(5,seed=42)",581.677,581.657,455.4543,455.4574,6.0632,5.57,"exp01 baseline sweep, base feature families"
exp_0003,2026-09-16T04:50:10+00:00,linear|onehot,"[""model_decomp"",""cpu_decomp"",""structural_zeros"",""resolution""]",onehot,{},42,"KFold(5,seed=42)",216.9592,217.2477,143.6355,144.0652,14.4245,7.49,"exp01 baseline sweep, base feature families"
exp_0004,2026-09-16T04:50:16+00:00,ridge|onehot,"[""model_decomp"",""cpu_decomp"",""structural_zeros"",""resolution""]",onehot,"{""alpha"":10.0}",42,"KFold(5,seed=42)",216.9619,217.2403,143.629,144.0522,14.4298,6.55,"exp01 baseline sweep, base feature families"
exp_0005,2026-09-16T04:50:23+00:00,ridge|onehot,"[""model_decomp"",""cpu_decomp"",""structural_zeros"",""resolution""]",onehot,"{""alpha"":100.0}",42,"KFold(5,seed=42)",217.0306,217.2535,143.648,144.0334,14.4274,6.59,"exp01 baseline sweep, base feature families"
exp_0006,2026-09-16T04:50:43+00:00,lasso|onehot,"[""model_decomp"",""cpu_decomp"",""structural_zeros"",""resolution""]",onehot,"{""alpha"":1.0,""max_iter"":3000,""tol"":0.001}",42,"KFold(5,seed=42)",218.2853,218.1998,144.7567,144.9213,14.3154,19.79,"exp01 baseline sweep, base feature families"
exp_0007,2026-09-16T04:50:57+00:00,elasticnet|onehot,"[""model_decomp"",""cpu_decomp"",""structural_zeros"",""resolution""]",onehot,"{""alpha"":1.0,""l1_ratio"":0.5,""max_iter"":3000,""tol"":0.001}",42,"KFold(5,seed=42)",274.9444,274.9647,197.0696,197.1722,9.4331,13.69,"exp01 baseline sweep, base feature families"
exp_0008,2026-09-16T04:51:05+00:00,tree|ordinal,"[""model_decomp"",""cpu_decomp"",""structural_zeros"",""resolution""]",ordinal,"{""max_depth"":12,""min_samples_leaf"":50}",42,"KFold(5,seed=42)",247.9767,262.0353,174.8481,185.349,10.9814,8.28,"exp01 baseline sweep, base feature families"
exp_0009,2026-09-16T04:52:15+00:00,ridge|onehot,"[""model_decomp"",""cpu_decomp"",""structural_zeros"",""resolution""]",onehot,"{""alpha"":1.0}",42,"KFold(5,seed=42)",216.9593,217.2466,143.6345,144.0635,14.4252,41.12,exp04 additive specification scan
exp_0010,2026-09-16T04:52:35+00:00,rf|ordinal,"[""model_decomp"",""cpu_decomp"",""structural_zeros"",""resolution""]",ordinal,"{""min_samples_leaf"":5,""n_estimators"":200}",42,"KFold(5,seed=42)",168.8883,235.7029,105.7203,160.9707,13.0318,90.27,"exp01 baseline sweep, base feature families"
exp_0011,2026-09-16T04:53:08+00:00,ridge|onehot,"[""model_decomp"",""cpu_decomp"",""structural_zeros"",""resolution""]",onehot,"{""alpha"":10.0}",42,"KFold(5,seed=42)",216.9619,217.2403,143.629,144.0522,14.4298,53.59,exp04 additive specification scan
exp_0012,2026-09-16T04:53:45+00:00,ridge|onehot,"[""model_decomp"",""cpu_decomp"",""structural_zeros"",""resolution""]",onehot,"{""alpha"":100.0}",42,"KFold(5,seed=42)",217.0306,217.2535,143.648,144.0334,14.4274,37.0,exp04 additive specification scan
exp_0013,2026-09-16T04:54:01+00:00,et|ordinal,"[""model_decomp"",""cpu_decomp"",""structural_zeros"",""resolution""]",ordinal,"{""min_samples_leaf"":5,""n_estimators"":200}",42,"KFold(5,seed=42)",152.5153,235.9552,93.9312,161.0095,12.9594,85.67,"exp01 baseline sweep, base feature families"
exp_0014,2026-09-16T04:54:07+00:00,ridge|onehot,"[""model_decomp"",""cpu_decomp"",""structural_zeros"",""resolution""]",onehot,"{""alpha"":300.0}",42,"KFold(5,seed=42)",217.2963,217.4585,143.8454,144.1881,14.3742,21.35,exp04 additive specification scan
exp_0015,2026-09-16T04:54:19+00:00,ridge|onehot,"[""model_decomp"",""cpu_decomp"",""structural_zeros"",""resolution""]",onehot,"{""alpha"":1000.0}",42,"KFold(5,seed=42)",219.0159,219.097,145.4312,145.7156,14.1129,12.51,exp04 additive specification scan
exp_0016,2026-09-16T04:54:25+00:00,hgb|ordinal,"[""model_decomp"",""cpu_decomp"",""structural_zeros"",""resolution""]",ordinal,"{""learning_rate"":0.06,""max_iter"":400}",42,"KFold(5,seed=42)",199.1972,214.6745,133.7228,141.309,14.3138,24.06,"exp01 baseline sweep, base feature families"
exp_0017,2026-09-16T04:54:34+00:00,ridge|onehot,"[""model_decomp"",""cpu_decomp"",""structural_zeros"",""resolution""]",onehot,"{""alpha"":3000.0}",42,"KFold(5,seed=42)",225.7233,225.7525,151.7996,152.0081,13.3118,14.46,exp04 additive specification scan
exp_0018,2026-09-16T04:54:42+00:00,lgbm|native,"[""model_decomp"",""cpu_decomp"",""structural_zeros"",""resolution""]",native,"{""learning_rate"":0.06,""n_estimators"":400}",42,"KFold(5,seed=42)",182.3695,214.8877,125.1001,141.1356,14.5012,16.75,"exp01 baseline sweep, base feature families"
exp_0019,2026-09-16T04:55:04+00:00,xgb|native,"[""model_decomp"",""cpu_decomp"",""structural_zeros"",""resolution""]",native,"{""learning_rate"":0.06,""max_depth"":6,""n_estimators"":400}",42,"KFold(5,seed=42)",159.6873,217.6084,113.5221,142.8723,13.3264,22.58,"exp01 baseline sweep, base feature families"
exp_0020,2026-09-16T04:55:05+00:00,ridge|levels,"[""model_decomp"",""cpu_decomp"",""structural_zeros"",""resolution""]",levels,"{""alpha"":1.0}",42,"KFold(5,seed=42)",210.8947,212.013,138.0586,138.9321,14.9541,30.78,exp04 additive specification scan
exp_0021,2026-09-16T04:55:21+00:00,ridge|levels,"[""model_decomp"",""cpu_decomp"",""structural_zeros"",""resolution""]",levels,"{""alpha"":10.0}",42,"KFold(5,seed=42)",210.9166,211.9847,138.0539,138.9089,14.9692,16.71,exp04 additive specification scan
exp_0022,2026-09-16T04:55:37+00:00,ridge|levels,"[""model_decomp"",""cpu_decomp"",""structural_zeros"",""resolution""]",levels,"{""alpha"":100.0}",42,"KFold(5,seed=42)",211.3384,212.2305,138.3266,139.1053,15.0064,15.25,exp04 additive specification scan
exp_0023,2026-09-16T04:55:53+00:00,ridge|levels,"[""model_decomp"",""cpu_decomp"",""structural_zeros"",""resolution""]",levels,"{""alpha"":300.0}",42,"KFold(5,seed=42)",212.7868,213.5195,139.5359,140.2274,14.9721,16.01,exp04 additive specification scan
exp_0024,2026-09-16T04:56:13+00:00,ridge|levels,"[""model_decomp"",""cpu_decomp"",""structural_zeros"",""resolution""]",levels,"{""alpha"":1000.0}",42,"KFold(5,seed=42)",218.9918,219.5085,144.9811,145.5351,14.5555,20.03,exp04 additive specification scan
exp_0025,2026-09-16T04:56:29+00:00,ridge|levels,"[""model_decomp"",""cpu_decomp"",""structural_zeros"",""resolution""]",levels,"{""alpha"":3000.0}",42,"KFold(5,seed=42)",236.4381,236.796,160.3759,160.8051,13.2895,16.46,exp04 additive specification scan
exp_0026,2026-09-16T04:58:00+00:00,ridge|levels_plus,"[""model_decomp"",""cpu_decomp"",""structural_zeros"",""resolution""]",levels_plus,"{""alpha"":1.0}",42,"KFold(5,seed=42)",210.8943,212.013,138.0591,138.9328,14.9524,21.37,exp04 additive specification scan
